{
  "calibration": {
    "base_letters_per_word": 3.7897,
    "d1_base_letters_per_token": 1.5045,
    "d3_base_letters_per_token": 1.7278
  },
  "new_seeds": [
    0,
    1,
    3,
    5,
    7,
    11,
    13
  ],
  "d1": {
    "original_seeds": [
      42,
      137,
      2024
    ],
    "original_bpbl": [
      2.699373,
      2.803427,
      3.630495
    ],
    "new_seeds": [
      0,
      1,
      3,
      5,
      7,
      11,
      13
    ],
    "new_bpbl": [
      2.748293,
      2.683619,
      2.658679,
      2.798371,
      2.659933,
      2.675084,
      2.752385
    ],
    "all_seeds": [
      42,
      137,
      2024,
      0,
      1,
      3,
      5,
      7,
      11,
      13
    ],
    "all_bpbl": [
      2.699373,
      2.803427,
      3.630495,
      2.748293,
      2.683619,
      2.658679,
      2.798371,
      2.659933,
      2.675084,
      2.752385
    ],
    "mean_bpbl": 2.810966,
    "median_bpbl": 2.723833,
    "std_bpbl": 0.292943,
    "highest_bpbl_seed": 2024
  },
  "d3": {
    "original_seeds": [
      42,
      137,
      2024
    ],
    "original_bpbl": [
      4.066961,
      5.703626,
      3.197713
    ],
    "new_seeds": [
      0,
      1,
      3,
      5,
      7,
      11,
      13
    ],
    "new_bpbl": [
      2.859666,
      2.87922,
      2.817862,
      2.861157,
      2.893915,
      2.858664,
      2.866862
    ],
    "all_seeds": [
      42,
      137,
      2024,
      0,
      1,
      3,
      5,
      7,
      11,
      13
    ],
    "all_bpbl": [
      4.066961,
      5.703626,
      3.197713,
      2.859666,
      2.87922,
      2.817862,
      2.861157,
      2.893915,
      2.858664,
      2.866862
    ],
    "mean_bpbl": 3.300565,
    "median_bpbl": 2.873041,
    "std_bpbl": 0.926126,
    "highest_bpbl_seed": 137
  },
  "conclusion": "D1 beats D3 on median BPBL (robust to outliers)"
}